Feature,Importance
EmpLastSalaryHikePercent,0.23826719505635036
EmpEnvironmentSatisfaction,0.21355851849815433
YearsSinceLastPromotion,0.1918480195183401
EmpDepartment,0.06593358947447148
ExperienceYearsInCurrentRole,0.050799649916143524
EmpNumber,0.047768510160980174
EmpWorkLifeBalance,0.04208878398845707
EmpJobRole,0.027169719334499853
EmpHourlyRate,0.01642596912091114
Age,0.012015742444465457
YearsWithCurrManager,0.010973221907911505
TrainingTimesLastYear,0.010216860162115671
ExperienceYearsAtThisCompany,0.008930290455827553
TotalWorkExperienceInYears,0.008879230528972779
DistanceFromHome,0.008531868308599156
NumCompaniesWorked,0.007313345737920224
EmpEducationLevel,0.0068460803903398265
EducationBackground,0.006216486380357272
EmpJobLevel,0.004584451660893605
MaritalStatus,0.004466768726117194
EmpRelationshipSatisfaction,0.004440012758524811
EmpJobSatisfaction,0.0037290177318246706
BusinessTravelFrequency,0.003041707326264542
EmpJobInvolvement,0.0026886421483001233
Attrition,0.0012206619485298944
Gender,0.001155026171234879
OverTime,0.0008906301434928167
